feature,mean_abs_shap,rank
max_f102,0.08075945,1
max_f155,0.054783657,2
max_f127,0.040470656,3
max_f157,0.034370046,4
mean_f056,0.03428701,5
mean_f172,0.032136377,6
max_f172,0.024389302,7
mean_f018,0.023094706,8
mean_f001,0.02258965,9
mean_f004,0.022481889,10
