feature,mean_abs_shap,rank
max_f000,0.14744727,1
std_f163,0.13480692,2
mean_f077,0.106606044,3
mean_f165,0.0696822,4
max_f003,0.068743914,5
max_f166,0.04548624,6
max_f172,0.04494269,7
max_f040,0.037314262,8
mean_f018,0.035668667,9
max_f018,0.035598326,10
