label,precision,recall,f1-score,support
quiet,0.9864083026298607,0.8453636508820752,0.9104558265267013,795227.0
B,0.058586249873682085,0.4695599352051836,0.10417477763469199,14816.0
C,0.01772549019607843,0.04991166077738516,0.02616043523555967,2264.0
M,0.0007574609907589759,0.0054288816503800215,0.0013294336612603031,921.0
X,1.0,0.6428571428571429,0.782608695652174,42.0
accuracy,0.8353412765748153,0.8353412765748153,0.8353412765748153,0.8353412765748153
macro avg,0.412695500738076,0.4026242542744334,0.3649458337420775,813270.0
weighted avg,0.9656932596615406,0.8353412765748153,0.8922692712946222,813270.0
