{
  "quiet": 0.05000000074505806,
  "B": 0.30000001192092896,
  "C": 0.05000000074505806,
  "M": 0.17999999225139618,
  "X": 0.4125000238418579
}